source_id,target_id,source_name,target_name,sentence_id
55,63,Lawrence John Wargrave,Constance Culmington,19
55,63,Lawrence John Wargrave,Constance Culmington,20
68,125,Hugo Hamilton,Vera Elizabeth Claythorne,52
69,125,Cyril Ogilvie Hamilton,Vera Elizabeth Claythorne,55
68,125,Hugo Hamilton,Vera Elizabeth Claythorne,57
71,125,Philip Lombard,Vera Elizabeth Claythorne,60
71,74,Philip Lombard,Isaac Morris,72
71,74,Philip Lombard,Isaac Morris,79
71,74,Philip Lombard,Isaac Morris,80
71,74,Philip Lombard,Isaac Morris,82
76,79,Emily Brent,Oliver,125
74,84,Isaac Morris,Edward George Armstrong,149
55,71,Lawrence John Wargrave,Philip Lombard,221
55,76,Lawrence John Wargrave,Emily Brent,221
55,84,Lawrence John Wargrave,Edward George Armstrong,221
55,90,Lawrence John Wargrave,Anthony James Marston,221
55,94,Lawrence John Wargrave,Ethel Rogers,221
55,125,Lawrence John Wargrave,Vera Elizabeth Claythorne,221
71,76,Philip Lombard,Emily Brent,221
71,84,Philip Lombard,Edward George Armstrong,221
71,90,Philip Lombard,Anthony James Marston,221
71,94,Philip Lombard,Ethel Rogers,221
71,125,Philip Lombard,Vera Elizabeth Claythorne,221
76,84,Emily Brent,Edward George Armstrong,221
76,90,Emily Brent,Anthony James Marston,221
76,94,Emily Brent,Ethel Rogers,221
76,125,Emily Brent,Vera Elizabeth Claythorne,221
84,90,Edward George Armstrong,Anthony James Marston,221
84,94,Edward George Armstrong,Ethel Rogers,221
84,125,Edward George Armstrong,Vera Elizabeth Claythorne,221
90,94,Anthony James Marston,Ethel Rogers,221
90,125,Anthony James Marston,Vera Elizabeth Claythorne,221
94,125,Ethel Rogers,Vera Elizabeth Claythorne,221
55,76,Lawrence John Wargrave,Emily Brent,285
71,125,Philip Lombard,Vera Elizabeth Claythorne,286
71,125,Philip Lombard,Vera Elizabeth Claythorne,287
55,125,Lawrence John Wargrave,Vera Elizabeth Claythorne,295
71,125,Philip Lombard,Vera Elizabeth Claythorne,307
56,125,Owen,Vera Elizabeth Claythorne,308
71,125,Philip Lombard,Vera Elizabeth Claythorne,312
56,125,Owen,Vera Elizabeth Claythorne,314
71,125,Philip Lombard,Vera Elizabeth Claythorne,316
56,71,Owen,Philip Lombard,324
71,125,Philip Lombard,Vera Elizabeth Claythorne,338
56,125,Owen,Vera Elizabeth Claythorne,340
71,125,Philip Lombard,Vera Elizabeth Claythorne,342
71,80,Philip Lombard,John Gordon Macarthur,355
55,76,Lawrence John Wargrave,Emily Brent,368
56,100,Owen,Fred Narracott,414
56,100,Owen,Fred Narracott,421
71,100,Philip Lombard,Fred Narracott,459
90,91,Anthony James Marston,Badger Berkeley,476
94,125,Ethel Rogers,Vera Elizabeth Claythorne,481
94,125,Ethel Rogers,Vera Elizabeth Claythorne,484
94,125,Ethel Rogers,Vera Elizabeth Claythorne,487
94,125,Ethel Rogers,Vera Elizabeth Claythorne,488
56,125,Owen,Vera Elizabeth Claythorne,497
56,94,Owen,Ethel Rogers,501
56,125,Owen,Vera Elizabeth Claythorne,501
94,125,Ethel Rogers,Vera Elizabeth Claythorne,501
56,94,Owen,Ethel Rogers,502
56,125,Owen,Vera Elizabeth Claythorne,503
94,125,Ethel Rogers,Vera Elizabeth Claythorne,504
94,125,Ethel Rogers,Vera Elizabeth Claythorne,508
94,125,Ethel Rogers,Vera Elizabeth Claythorne,510
56,94,Owen,Ethel Rogers,516
56,125,Owen,Vera Elizabeth Claythorne,520
84,100,Edward George Armstrong,Fred Narracott,556
55,84,Lawrence John Wargrave,Edward George Armstrong,583
55,84,Lawrence John Wargrave,Edward George Armstrong,590
55,84,Lawrence John Wargrave,Edward George Armstrong,596
55,63,Lawrence John Wargrave,Constance Culmington,597
55,84,Lawrence John Wargrave,Edward George Armstrong,597
63,84,Constance Culmington,Edward George Armstrong,597
55,63,Lawrence John Wargrave,Constance Culmington,602
55,63,Lawrence John Wargrave,Constance Culmington,609
55,94,Lawrence John Wargrave,Ethel Rogers,609
63,94,Constance Culmington,Ethel Rogers,609
55,84,Lawrence John Wargrave,Edward George Armstrong,662
55,90,Lawrence John Wargrave,Anthony James Marston,662
84,90,Edward George Armstrong,Anthony James Marston,662
76,80,Emily Brent,John Gordon Macarthur,663
93,125,William Henry Blore,Vera Elizabeth Claythorne,664
55,125,Lawrence John Wargrave,Vera Elizabeth Claythorne,681
76,125,Emily Brent,Vera Elizabeth Claythorne,682
76,125,Emily Brent,Vera Elizabeth Claythorne,683
76,125,Emily Brent,Vera Elizabeth Claythorne,687
56,76,Owen,Emily Brent,697
56,76,Owen,Emily Brent,700
56,76,Owen,Emily Brent,701
56,125,Owen,Vera Elizabeth Claythorne,701
76,125,Emily Brent,Vera Elizabeth Claythorne,701
55,76,Lawrence John Wargrave,Emily Brent,705
84,125,Edward George Armstrong,Vera Elizabeth Claythorne,706
93,111,William Henry Blore,James Stephen Landor,728
69,125,Cyril Ogilvie Hamilton,Vera Elizabeth Claythorne,729
90,114,Anthony James Marston,Lucy Combes,732
55,119,Lawrence John Wargrave,Edward Seton,734
71,90,Philip Lombard,Anthony James Marston,743
71,90,Philip Lombard,Anthony James Marston,744
71,94,Philip Lombard,Ethel Rogers,751
55,76,Lawrence John Wargrave,Emily Brent,759
71,84,Philip Lombard,Edward George Armstrong,766
55,71,Lawrence John Wargrave,Philip Lombard,771
71,125,Philip Lombard,Vera Elizabeth Claythorne,783
55,71,Lawrence John Wargrave,Philip Lombard,787
71,84,Philip Lombard,Edward George Armstrong,788
55,71,Lawrence John Wargrave,Philip Lombard,790
71,90,Philip Lombard,Anthony James Marston,791
71,90,Philip Lombard,Anthony James Marston,792
76,94,Emily Brent,Ethel Rogers,797
84,94,Edward George Armstrong,Ethel Rogers,807
84,94,Edward George Armstrong,Ethel Rogers,811
84,94,Edward George Armstrong,Ethel Rogers,823
55,84,Lawrence John Wargrave,Edward George Armstrong,825
55,94,Lawrence John Wargrave,Ethel Rogers,831
56,459,Owen,Thomas Rogers,834
55,56,Lawrence John Wargrave,Owen,836
55,94,Lawrence John Wargrave,Ethel Rogers,836
56,94,Owen,Ethel Rogers,836
55,71,Lawrence John Wargrave,Philip Lombard,844
56,76,Owen,Emily Brent,852
56,76,Owen,Emily Brent,853
55,94,Lawrence John Wargrave,Ethel Rogers,857
84,94,Edward George Armstrong,Ethel Rogers,860
71,90,Philip Lombard,Anthony James Marston,861
55,80,Lawrence John Wargrave,John Gordon Macarthur,868
76,84,Emily Brent,Edward George Armstrong,872
76,84,Emily Brent,Edward George Armstrong,873
55,94,Lawrence John Wargrave,Ethel Rogers,880
56,94,Owen,Ethel Rogers,881
56,80,Owen,John Gordon Macarthur,889
55,56,Lawrence John Wargrave,Owen,906
55,93,Lawrence John Wargrave,William Henry Blore,912
55,93,Lawrence John Wargrave,William Henry Blore,913
55,93,Lawrence John Wargrave,William Henry Blore,920
90,93,Anthony James Marston,William Henry Blore,921
90,93,Anthony James Marston,William Henry Blore,925
55,76,Lawrence John Wargrave,Emily Brent,939
55,125,Lawrence John Wargrave,Vera Elizabeth Claythorne,942
55,90,Lawrence John Wargrave,Anthony James Marston,943
55,71,Lawrence John Wargrave,Philip Lombard,952
55,93,Lawrence John Wargrave,William Henry Blore,952
71,93,Philip Lombard,William Henry Blore,952
55,71,Lawrence John Wargrave,Philip Lombard,958
55,93,Lawrence John Wargrave,William Henry Blore,964
55,93,Lawrence John Wargrave,William Henry Blore,965
90,93,Anthony James Marston,William Henry Blore,982
55,56,Lawrence John Wargrave,Owen,991
56,93,Owen,William Henry Blore,995
90,94,Anthony James Marston,Ethel Rogers,1034
84,128,Edward George Armstrong,Matthews,1053
84,119,Edward George Armstrong,Edward Seton,1062
55,119,Lawrence John Wargrave,Edward Seton,1066
71,90,Philip Lombard,Anthony James Marston,1101
71,80,Philip Lombard,John Gordon Macarthur,1106
71,125,Philip Lombard,Vera Elizabeth Claythorne,1111
71,125,Philip Lombard,Vera Elizabeth Claythorne,1112
55,90,Lawrence John Wargrave,Anthony James Marston,1113
55,114,Lawrence John Wargrave,Lucy Combes,1113
90,114,Anthony James Marston,Lucy Combes,1113
55,90,Lawrence John Wargrave,Anthony James Marston,1116
71,94,Philip Lombard,Ethel Rogers,1132
84,133,Edward George Armstrong,Jennifer Brady,1140
71,93,Philip Lombard,William Henry Blore,1150
93,133,William Henry Blore,Jennifer Brady,1151
71,93,Philip Lombard,William Henry Blore,1154
93,111,William Henry Blore,James Stephen Landor,1165
71,76,Philip Lombard,Emily Brent,1174
71,84,Philip Lombard,Edward George Armstrong,1174
76,84,Emily Brent,Edward George Armstrong,1174
55,76,Lawrence John Wargrave,Emily Brent,1200
55,76,Lawrence John Wargrave,Emily Brent,1203
94,100,Ethel Rogers,Fred Narracott,1219
55,100,Lawrence John Wargrave,Fred Narracott,1221
84,90,Edward George Armstrong,Anthony James Marston,1250
76,84,Emily Brent,Edward George Armstrong,1258
84,125,Edward George Armstrong,Vera Elizabeth Claythorne,1261
55,84,Lawrence John Wargrave,Edward George Armstrong,1266
71,84,Philip Lombard,Edward George Armstrong,1271
84,93,Edward George Armstrong,William Henry Blore,1272
84,125,Edward George Armstrong,Vera Elizabeth Claythorne,1272
93,125,William Henry Blore,Vera Elizabeth Claythorne,1272
84,93,Edward George Armstrong,William Henry Blore,1287
90,93,Anthony James Marston,William Henry Blore,1288
71,84,Philip Lombard,Edward George Armstrong,1292
71,90,Philip Lombard,Anthony James Marston,1292
84,90,Edward George Armstrong,Anthony James Marston,1292
71,84,Philip Lombard,Edward George Armstrong,1301
55,84,Lawrence John Wargrave,Edward George Armstrong,1317
84,119,Edward George Armstrong,Edward Seton,1318
84,119,Edward George Armstrong,Edward Seton,1319
55,119,Lawrence John Wargrave,Edward Seton,1342
80,113,John Gordon Macarthur,Arthur Richmond,1350
80,113,John Gordon Macarthur,Arthur Richmond,1351
80,140,John Gordon Macarthur,Leslie Macarthur,1352
113,140,Arthur Richmond,Leslie Macarthur,1356
113,140,Arthur Richmond,Leslie Macarthur,1359
80,140,John Gordon Macarthur,Leslie Macarthur,1360
113,140,Arthur Richmond,Leslie Macarthur,1362
113,140,Arthur Richmond,Leslie Macarthur,1363
113,140,Arthur Richmond,Leslie Macarthur,1364
113,140,Arthur Richmond,Leslie Macarthur,1366
113,140,Arthur Richmond,Leslie Macarthur,1367
113,140,Arthur Richmond,Leslie Macarthur,1371
113,140,Arthur Richmond,Leslie Macarthur,1376
113,141,Arthur Richmond,Armitage,1388
113,141,Arthur Richmond,Armitage,1391
113,141,Arthur Richmond,Armitage,1394
113,141,Arthur Richmond,Armitage,1402
140,141,Leslie Macarthur,Armitage,1405
140,141,Leslie Macarthur,Armitage,1406
113,140,Arthur Richmond,Leslie Macarthur,1428
68,125,Hugo Hamilton,Vera Elizabeth Claythorne,1462
68,125,Hugo Hamilton,Vera Elizabeth Claythorne,1463
69,125,Cyril Ogilvie Hamilton,Vera Elizabeth Claythorne,1474
68,125,Hugo Hamilton,Vera Elizabeth Claythorne,1478
69,125,Cyril Ogilvie Hamilton,Vera Elizabeth Claythorne,1479
68,125,Hugo Hamilton,Vera Elizabeth Claythorne,1483
69,74,Cyril Ogilvie Hamilton,Isaac Morris,1492
68,69,Hugo Hamilton,Cyril Ogilvie Hamilton,1493
90,125,Anthony James Marston,Vera Elizabeth Claythorne,1513
90,125,Anthony James Marston,Vera Elizabeth Claythorne,1516
76,84,Emily Brent,Edward George Armstrong,1546
84,90,Edward George Armstrong,Anthony James Marston,1564
84,94,Edward George Armstrong,Ethel Rogers,1573
84,94,Edward George Armstrong,Ethel Rogers,1581
84,94,Edward George Armstrong,Ethel Rogers,1591
84,94,Edward George Armstrong,Ethel Rogers,1592
84,94,Edward George Armstrong,Ethel Rogers,1595
84,94,Edward George Armstrong,Ethel Rogers,1599
55,80,Lawrence John Wargrave,John Gordon Macarthur,1610
71,125,Philip Lombard,Vera Elizabeth Claythorne,1611
71,93,Philip Lombard,William Henry Blore,1618
71,93,Philip Lombard,William Henry Blore,1624
76,125,Emily Brent,Vera Elizabeth Claythorne,1633
76,84,Emily Brent,Edward George Armstrong,1642
55,84,Lawrence John Wargrave,Edward George Armstrong,1657
76,84,Emily Brent,Edward George Armstrong,1666
76,93,Emily Brent,William Henry Blore,1680
84,93,Edward George Armstrong,William Henry Blore,1689
84,93,Edward George Armstrong,William Henry Blore,1697
71,93,Philip Lombard,William Henry Blore,1698
93,94,William Henry Blore,Ethel Rogers,1705
93,94,William Henry Blore,Ethel Rogers,1739
71,94,Philip Lombard,Ethel Rogers,1754
71,93,Philip Lombard,William Henry Blore,1759
71,93,Philip Lombard,William Henry Blore,1761
71,80,Philip Lombard,John Gordon Macarthur,1773
71,93,Philip Lombard,William Henry Blore,1785
71,84,Philip Lombard,Edward George Armstrong,1789
71,84,Philip Lombard,Edward George Armstrong,1791
71,93,Philip Lombard,William Henry Blore,1791
84,93,Edward George Armstrong,William Henry Blore,1791
55,84,Lawrence John Wargrave,Edward George Armstrong,1792
84,94,Edward George Armstrong,Ethel Rogers,1795
84,94,Edward George Armstrong,Ethel Rogers,1808
76,125,Emily Brent,Vera Elizabeth Claythorne,1840
76,125,Emily Brent,Vera Elizabeth Claythorne,1855
76,125,Emily Brent,Vera Elizabeth Claythorne,1862
76,94,Emily Brent,Ethel Rogers,1863
76,125,Emily Brent,Vera Elizabeth Claythorne,1863
94,125,Ethel Rogers,Vera Elizabeth Claythorne,1863
76,125,Emily Brent,Vera Elizabeth Claythorne,1879
76,125,Emily Brent,Vera Elizabeth Claythorne,1880
76,125,Emily Brent,Vera Elizabeth Claythorne,1887
76,125,Emily Brent,Vera Elizabeth Claythorne,1890
76,109,Emily Brent,Beatrice Taylor,1896
76,109,Emily Brent,Beatrice Taylor,1898
76,109,Emily Brent,Beatrice Taylor,1900
76,109,Emily Brent,Beatrice Taylor,1904
109,125,Beatrice Taylor,Vera Elizabeth Claythorne,1908
76,109,Emily Brent,Beatrice Taylor,1909
76,125,Emily Brent,Vera Elizabeth Claythorne,1909
109,125,Beatrice Taylor,Vera Elizabeth Claythorne,1909
76,109,Emily Brent,Beatrice Taylor,1911
76,125,Emily Brent,Vera Elizabeth Claythorne,1911
109,125,Beatrice Taylor,Vera Elizabeth Claythorne,1911
109,125,Beatrice Taylor,Vera Elizabeth Claythorne,1913
76,125,Emily Brent,Vera Elizabeth Claythorne,1915
76,109,Emily Brent,Beatrice Taylor,1916
76,109,Emily Brent,Beatrice Taylor,1918
76,125,Emily Brent,Vera Elizabeth Claythorne,1918
109,125,Beatrice Taylor,Vera Elizabeth Claythorne,1918
76,125,Emily Brent,Vera Elizabeth Claythorne,1920
71,93,Philip Lombard,William Henry Blore,1928
55,84,Lawrence John Wargrave,Edward George Armstrong,1929
55,84,Lawrence John Wargrave,Edward George Armstrong,1931
71,84,Philip Lombard,Edward George Armstrong,1936
71,84,Philip Lombard,Edward George Armstrong,1942
71,93,Philip Lombard,William Henry Blore,1944
84,94,Edward George Armstrong,Ethel Rogers,1953
84,133,Edward George Armstrong,Jennifer Brady,1953
94,133,Ethel Rogers,Jennifer Brady,1953
71,94,Philip Lombard,Ethel Rogers,1963
71,84,Philip Lombard,Edward George Armstrong,1966
71,84,Philip Lombard,Edward George Armstrong,1971
55,119,Lawrence John Wargrave,Edward Seton,1973
55,71,Lawrence John Wargrave,Philip Lombard,1975
56,71,Owen,Philip Lombard,1979
71,84,Philip Lombard,Edward George Armstrong,1982
55,94,Lawrence John Wargrave,Ethel Rogers,1984
71,90,Philip Lombard,Anthony James Marston,1986
71,84,Philip Lombard,Edward George Armstrong,1988
71,90,Philip Lombard,Anthony James Marston,1988
84,90,Edward George Armstrong,Anthony James Marston,1988
71,84,Philip Lombard,Edward George Armstrong,1990
84,90,Edward George Armstrong,Anthony James Marston,1997
71,90,Philip Lombard,Anthony James Marston,2003
71,94,Philip Lombard,Ethel Rogers,2003
90,94,Anthony James Marston,Ethel Rogers,2003
71,90,Philip Lombard,Anthony James Marston,2004
71,94,Philip Lombard,Ethel Rogers,2004
90,94,Anthony James Marston,Ethel Rogers,2004
71,90,Philip Lombard,Anthony James Marston,2005
71,94,Philip Lombard,Ethel Rogers,2005
90,94,Anthony James Marston,Ethel Rogers,2005
71,84,Philip Lombard,Edward George Armstrong,2007
84,94,Edward George Armstrong,Ethel Rogers,2008
71,84,Philip Lombard,Edward George Armstrong,2011
90,94,Anthony James Marston,Ethel Rogers,2016
71,84,Philip Lombard,Edward George Armstrong,2018
56,94,Owen,Ethel Rogers,2025
56,71,Owen,Philip Lombard,2038
56,84,Owen,Edward George Armstrong,2038
71,84,Philip Lombard,Edward George Armstrong,2038
56,84,Owen,Edward George Armstrong,2041
71,93,Philip Lombard,William Henry Blore,2046
90,94,Anthony James Marston,Ethel Rogers,2059
71,90,Philip Lombard,Anthony James Marston,2074
71,93,Philip Lombard,William Henry Blore,2074
90,93,Anthony James Marston,William Henry Blore,2074
71,93,Philip Lombard,William Henry Blore,2087
84,93,Edward George Armstrong,William Henry Blore,2094
71,93,Philip Lombard,William Henry Blore,2120
71,93,Philip Lombard,William Henry Blore,2139
56,84,Owen,Edward George Armstrong,2140
84,93,Edward George Armstrong,William Henry Blore,2144
80,84,John Gordon Macarthur,Edward George Armstrong,2163
80,125,John Gordon Macarthur,Vera Elizabeth Claythorne,2163
84,125,Edward George Armstrong,Vera Elizabeth Claythorne,2163
76,125,Emily Brent,Vera Elizabeth Claythorne,2164
76,125,Emily Brent,Vera Elizabeth Claythorne,2167
55,125,Lawrence John Wargrave,Vera Elizabeth Claythorne,2172
55,125,Lawrence John Wargrave,Vera Elizabeth Claythorne,2174
80,125,John Gordon Macarthur,Vera Elizabeth Claythorne,2177
80,125,John Gordon Macarthur,Vera Elizabeth Claythorne,2180
80,125,John Gordon Macarthur,Vera Elizabeth Claythorne,2183
80,125,John Gordon Macarthur,Vera Elizabeth Claythorne,2184
80,125,John Gordon Macarthur,Vera Elizabeth Claythorne,2194
125,140,Vera Elizabeth Claythorne,Leslie Macarthur,2206
125,140,Vera Elizabeth Claythorne,Leslie Macarthur,2230
80,140,John Gordon Macarthur,Leslie Macarthur,2236
80,140,John Gordon Macarthur,Leslie Macarthur,2237
84,93,Edward George Armstrong,William Henry Blore,2238
71,84,Philip Lombard,Edward George Armstrong,2239
71,93,Philip Lombard,William Henry Blore,2239
84,93,Edward George Armstrong,William Henry Blore,2239
80,84,John Gordon Macarthur,Edward George Armstrong,2249
80,93,John Gordon Macarthur,William Henry Blore,2249
84,93,Edward George Armstrong,William Henry Blore,2249
71,93,Philip Lombard,William Henry Blore,2259
71,84,Philip Lombard,Edward George Armstrong,2260
71,84,Philip Lombard,Edward George Armstrong,2262
71,93,Philip Lombard,William Henry Blore,2262
84,93,Edward George Armstrong,William Henry Blore,2262
71,84,Philip Lombard,Edward George Armstrong,2265
71,93,Philip Lombard,William Henry Blore,2266
84,93,Edward George Armstrong,William Henry Blore,2267
71,84,Philip Lombard,Edward George Armstrong,2270
71,93,Philip Lombard,William Henry Blore,2270
84,93,Edward George Armstrong,William Henry Blore,2270
84,93,Edward George Armstrong,William Henry Blore,2294
84,94,Edward George Armstrong,Ethel Rogers,2294
93,94,William Henry Blore,Ethel Rogers,2294
84,93,Edward George Armstrong,William Henry Blore,2298
84,93,Edward George Armstrong,William Henry Blore,2304
93,94,William Henry Blore,Ethel Rogers,2309
93,94,William Henry Blore,Ethel Rogers,2322
71,93,Philip Lombard,William Henry Blore,2346
71,93,Philip Lombard,William Henry Blore,2356
84,93,Edward George Armstrong,William Henry Blore,2364
84,93,Edward George Armstrong,William Henry Blore,2365
84,93,Edward George Armstrong,William Henry Blore,2372
71,84,Philip Lombard,Edward George Armstrong,2375
84,93,Edward George Armstrong,William Henry Blore,2377
84,93,Edward George Armstrong,William Henry Blore,2379
71,84,Philip Lombard,Edward George Armstrong,2380
71,93,Philip Lombard,William Henry Blore,2380
84,93,Edward George Armstrong,William Henry Blore,2380
84,93,Edward George Armstrong,William Henry Blore,2383
71,84,Philip Lombard,Edward George Armstrong,2386
71,84,Philip Lombard,Edward George Armstrong,2389
71,93,Philip Lombard,William Henry Blore,2389
84,93,Edward George Armstrong,William Henry Blore,2389
71,93,Philip Lombard,William Henry Blore,2392
71,93,Philip Lombard,William Henry Blore,2394
71,84,Philip Lombard,Edward George Armstrong,2401
71,93,Philip Lombard,William Henry Blore,2407
71,84,Philip Lombard,Edward George Armstrong,2409
94,100,Ethel Rogers,Fred Narracott,2429
76,80,Emily Brent,John Gordon Macarthur,2447
76,94,Emily Brent,Ethel Rogers,2447
76,125,Emily Brent,Vera Elizabeth Claythorne,2447
80,94,John Gordon Macarthur,Ethel Rogers,2447
80,125,John Gordon Macarthur,Vera Elizabeth Claythorne,2447
94,125,Ethel Rogers,Vera Elizabeth Claythorne,2447
80,84,John Gordon Macarthur,Edward George Armstrong,2470
80,84,John Gordon Macarthur,Edward George Armstrong,2472
84,93,Edward George Armstrong,William Henry Blore,2477
84,125,Edward George Armstrong,Vera Elizabeth Claythorne,2477
93,125,William Henry Blore,Vera Elizabeth Claythorne,2477
94,125,Ethel Rogers,Vera Elizabeth Claythorne,2480
94,125,Ethel Rogers,Vera Elizabeth Claythorne,2483
93,125,William Henry Blore,Vera Elizabeth Claythorne,2489
55,84,Lawrence John Wargrave,Edward George Armstrong,2494
90,94,Anthony James Marston,Ethel Rogers,2510
56,93,Owen,William Henry Blore,2512
56,125,Owen,Vera Elizabeth Claythorne,2530
55,125,Lawrence John Wargrave,Vera Elizabeth Claythorne,2531
80,90,John Gordon Macarthur,Anthony James Marston,2537
80,94,John Gordon Macarthur,Ethel Rogers,2537
90,94,Anthony James Marston,Ethel Rogers,2537
55,93,Lawrence John Wargrave,William Henry Blore,2543
55,71,Lawrence John Wargrave,Philip Lombard,2549
55,125,Lawrence John Wargrave,Vera Elizabeth Claythorne,2549
71,125,Philip Lombard,Vera Elizabeth Claythorne,2549
55,93,Lawrence John Wargrave,William Henry Blore,2553
71,93,Philip Lombard,William Henry Blore,2555
55,84,Lawrence John Wargrave,Edward George Armstrong,2571
55,93,Lawrence John Wargrave,William Henry Blore,2576
55,71,Lawrence John Wargrave,Philip Lombard,2577
55,71,Lawrence John Wargrave,Philip Lombard,2579
55,84,Lawrence John Wargrave,Edward George Armstrong,2581
80,84,John Gordon Macarthur,Edward George Armstrong,2582
55,125,Lawrence John Wargrave,Vera Elizabeth Claythorne,2587
55,125,Lawrence John Wargrave,Vera Elizabeth Claythorne,2589
55,125,Lawrence John Wargrave,Vera Elizabeth Claythorne,2590
55,76,Lawrence John Wargrave,Emily Brent,2593
55,76,Lawrence John Wargrave,Emily Brent,2594
71,94,Philip Lombard,Ethel Rogers,2601
55,71,Lawrence John Wargrave,Philip Lombard,2602
71,94,Philip Lombard,Ethel Rogers,2603
55,71,Lawrence John Wargrave,Philip Lombard,2604
55,71,Lawrence John Wargrave,Philip Lombard,2611
55,94,Lawrence John Wargrave,Ethel Rogers,2611
71,94,Philip Lombard,Ethel Rogers,2611
55,56,Lawrence John Wargrave,Owen,2612
55,71,Lawrence John Wargrave,Philip Lombard,2612
56,71,Owen,Philip Lombard,2612
71,94,Philip Lombard,Ethel Rogers,2614
55,56,Lawrence John Wargrave,Owen,2617
55,71,Lawrence John Wargrave,Philip Lombard,2617
56,71,Owen,Philip Lombard,2617
80,90,John Gordon Macarthur,Anthony James Marston,2622
80,93,John Gordon Macarthur,William Henry Blore,2622
80,94,John Gordon Macarthur,Ethel Rogers,2622
90,93,Anthony James Marston,William Henry Blore,2622
90,94,Anthony James Marston,Ethel Rogers,2622
93,94,William Henry Blore,Ethel Rogers,2622
90,93,Anthony James Marston,William Henry Blore,2628
93,94,William Henry Blore,Ethel Rogers,2631
84,94,Edward George Armstrong,Ethel Rogers,2644
71,76,Philip Lombard,Emily Brent,2646
71,84,Philip Lombard,Edward George Armstrong,2646
71,93,Philip Lombard,William Henry Blore,2646
71,125,Philip Lombard,Vera Elizabeth Claythorne,2646
76,84,Emily Brent,Edward George Armstrong,2646
76,93,Emily Brent,William Henry Blore,2646
76,125,Emily Brent,Vera Elizabeth Claythorne,2646
84,93,Edward George Armstrong,William Henry Blore,2646
84,125,Edward George Armstrong,Vera Elizabeth Claythorne,2646
93,125,William Henry Blore,Vera Elizabeth Claythorne,2646
84,125,Edward George Armstrong,Vera Elizabeth Claythorne,2649
71,84,Philip Lombard,Edward George Armstrong,2651
71,90,Philip Lombard,Anthony James Marston,2651
71,94,Philip Lombard,Ethel Rogers,2651
84,90,Edward George Armstrong,Anthony James Marston,2651
84,94,Edward George Armstrong,Ethel Rogers,2651
90,94,Anthony James Marston,Ethel Rogers,2651
55,94,Lawrence John Wargrave,Ethel Rogers,2652
55,94,Lawrence John Wargrave,Ethel Rogers,2662
55,71,Lawrence John Wargrave,Philip Lombard,2665
55,93,Lawrence John Wargrave,William Henry Blore,2665
55,125,Lawrence John Wargrave,Vera Elizabeth Claythorne,2665
71,93,Philip Lombard,William Henry Blore,2665
71,125,Philip Lombard,Vera Elizabeth Claythorne,2665
93,125,William Henry Blore,Vera Elizabeth Claythorne,2665
55,93,Lawrence John Wargrave,William Henry Blore,2667
55,94,Lawrence John Wargrave,Ethel Rogers,2671
84,93,Edward George Armstrong,William Henry Blore,2674
55,71,Lawrence John Wargrave,Philip Lombard,2680
55,94,Lawrence John Wargrave,Ethel Rogers,2680
71,94,Philip Lombard,Ethel Rogers,2680
76,84,Emily Brent,Edward George Armstrong,2685
71,84,Philip Lombard,Edward George Armstrong,2690
76,125,Emily Brent,Vera Elizabeth Claythorne,2697
71,93,Philip Lombard,William Henry Blore,2698
55,93,Lawrence John Wargrave,William Henry Blore,2699
71,84,Philip Lombard,Edward George Armstrong,2710
71,93,Philip Lombard,William Henry Blore,2710
84,93,Edward George Armstrong,William Henry Blore,2710
84,93,Edward George Armstrong,William Henry Blore,2716
84,93,Edward George Armstrong,William Henry Blore,2717
55,84,Lawrence John Wargrave,Edward George Armstrong,2718
55,93,Lawrence John Wargrave,William Henry Blore,2718
84,93,Edward George Armstrong,William Henry Blore,2718
55,71,Lawrence John Wargrave,Philip Lombard,2726
55,125,Lawrence John Wargrave,Vera Elizabeth Claythorne,2728
76,125,Emily Brent,Vera Elizabeth Claythorne,2729
55,125,Lawrence John Wargrave,Vera Elizabeth Claythorne,2739
80,93,John Gordon Macarthur,William Henry Blore,2742
80,125,John Gordon Macarthur,Vera Elizabeth Claythorne,2742
93,125,William Henry Blore,Vera Elizabeth Claythorne,2742
55,80,Lawrence John Wargrave,John Gordon Macarthur,2745
80,125,John Gordon Macarthur,Vera Elizabeth Claythorne,2746
55,80,Lawrence John Wargrave,John Gordon Macarthur,2747
80,94,John Gordon Macarthur,Ethel Rogers,2753
71,125,Philip Lombard,Vera Elizabeth Claythorne,2760
71,125,Philip Lombard,Vera Elizabeth Claythorne,2774
71,125,Philip Lombard,Vera Elizabeth Claythorne,2775
55,71,Lawrence John Wargrave,Philip Lombard,2778
55,125,Lawrence John Wargrave,Vera Elizabeth Claythorne,2778
71,125,Philip Lombard,Vera Elizabeth Claythorne,2778
71,125,Philip Lombard,Vera Elizabeth Claythorne,2779
71,125,Philip Lombard,Vera Elizabeth Claythorne,2791
71,125,Philip Lombard,Vera Elizabeth Claythorne,2794
71,125,Philip Lombard,Vera Elizabeth Claythorne,2795
71,125,Philip Lombard,Vera Elizabeth Claythorne,2797
71,125,Philip Lombard,Vera Elizabeth Claythorne,2798
71,125,Philip Lombard,Vera Elizabeth Claythorne,2799
71,125,Philip Lombard,Vera Elizabeth Claythorne,2800
71,125,Philip Lombard,Vera Elizabeth Claythorne,2801
55,71,Lawrence John Wargrave,Philip Lombard,2807
55,71,Lawrence John Wargrave,Philip Lombard,2813
55,125,Lawrence John Wargrave,Vera Elizabeth Claythorne,2813
71,125,Philip Lombard,Vera Elizabeth Claythorne,2813
84,125,Edward George Armstrong,Vera Elizabeth Claythorne,2814
71,84,Philip Lombard,Edward George Armstrong,2816
71,125,Philip Lombard,Vera Elizabeth Claythorne,2816
84,125,Edward George Armstrong,Vera Elizabeth Claythorne,2816
84,94,Edward George Armstrong,Ethel Rogers,2820
84,125,Edward George Armstrong,Vera Elizabeth Claythorne,2820
94,125,Ethel Rogers,Vera Elizabeth Claythorne,2820
71,125,Philip Lombard,Vera Elizabeth Claythorne,2821
71,80,Philip Lombard,John Gordon Macarthur,2823
71,84,Philip Lombard,Edward George Armstrong,2823
80,84,John Gordon Macarthur,Edward George Armstrong,2823
71,84,Philip Lombard,Edward George Armstrong,2824
84,125,Edward George Armstrong,Vera Elizabeth Claythorne,2825
71,84,Philip Lombard,Edward George Armstrong,2830
71,125,Philip Lombard,Vera Elizabeth Claythorne,2830
84,125,Edward George Armstrong,Vera Elizabeth Claythorne,2830
71,84,Philip Lombard,Edward George Armstrong,2834
71,125,Philip Lombard,Vera Elizabeth Claythorne,2834
84,125,Edward George Armstrong,Vera Elizabeth Claythorne,2834
71,125,Philip Lombard,Vera Elizabeth Claythorne,2835
71,93,Philip Lombard,William Henry Blore,2836
93,94,William Henry Blore,Ethel Rogers,2845
93,94,William Henry Blore,Ethel Rogers,2852
55,84,Lawrence John Wargrave,Edward George Armstrong,2863
55,84,Lawrence John Wargrave,Edward George Armstrong,2865
55,84,Lawrence John Wargrave,Edward George Armstrong,2867
55,84,Lawrence John Wargrave,Edward George Armstrong,2876
55,84,Lawrence John Wargrave,Edward George Armstrong,2880
80,159,John Gordon Macarthur,Elsie MacPherson,2890
76,109,Emily Brent,Beatrice Taylor,2902
76,94,Emily Brent,Ethel Rogers,2919
76,125,Emily Brent,Vera Elizabeth Claythorne,2919
94,125,Ethel Rogers,Vera Elizabeth Claythorne,2919
76,125,Emily Brent,Vera Elizabeth Claythorne,2958
71,93,Philip Lombard,William Henry Blore,2959
71,93,Philip Lombard,William Henry Blore,2962
71,94,Philip Lombard,Ethel Rogers,2966
71,93,Philip Lombard,William Henry Blore,2971
71,93,Philip Lombard,William Henry Blore,3000
71,93,Philip Lombard,William Henry Blore,3005
71,94,Philip Lombard,Ethel Rogers,3011
71,84,Philip Lombard,Edward George Armstrong,3020
55,93,Lawrence John Wargrave,William Henry Blore,3021
71,94,Philip Lombard,Ethel Rogers,3025
71,125,Philip Lombard,Vera Elizabeth Claythorne,3028
76,93,Emily Brent,William Henry Blore,3031
76,93,Emily Brent,William Henry Blore,3036
76,93,Emily Brent,William Henry Blore,3038
76,94,Emily Brent,Ethel Rogers,3038
93,94,William Henry Blore,Ethel Rogers,3038
55,76,Lawrence John Wargrave,Emily Brent,3039
55,94,Lawrence John Wargrave,Ethel Rogers,3039
76,94,Emily Brent,Ethel Rogers,3039
55,71,Lawrence John Wargrave,Philip Lombard,3043
55,125,Lawrence John Wargrave,Vera Elizabeth Claythorne,3048
84,94,Edward George Armstrong,Ethel Rogers,3057
55,84,Lawrence John Wargrave,Edward George Armstrong,3060
76,125,Emily Brent,Vera Elizabeth Claythorne,3062
84,125,Edward George Armstrong,Vera Elizabeth Claythorne,3092
84,125,Edward George Armstrong,Vera Elizabeth Claythorne,3094
76,84,Emily Brent,Edward George Armstrong,3097
76,125,Emily Brent,Vera Elizabeth Claythorne,3097
84,125,Edward George Armstrong,Vera Elizabeth Claythorne,3097
84,125,Edward George Armstrong,Vera Elizabeth Claythorne,3099
84,93,Edward George Armstrong,William Henry Blore,3100
84,125,Edward George Armstrong,Vera Elizabeth Claythorne,3100
93,125,William Henry Blore,Vera Elizabeth Claythorne,3100
71,125,Philip Lombard,Vera Elizabeth Claythorne,3103
76,125,Emily Brent,Vera Elizabeth Claythorne,3110
76,84,Emily Brent,Edward George Armstrong,3113
71,93,Philip Lombard,William Henry Blore,3116
71,93,Philip Lombard,William Henry Blore,3130
93,94,William Henry Blore,Ethel Rogers,3133
71,93,Philip Lombard,William Henry Blore,3134
71,93,Philip Lombard,William Henry Blore,3138
93,94,William Henry Blore,Ethel Rogers,3141
71,93,Philip Lombard,William Henry Blore,3143
71,94,Philip Lombard,Ethel Rogers,3143
93,94,William Henry Blore,Ethel Rogers,3143
71,93,Philip Lombard,William Henry Blore,3144
71,93,Philip Lombard,William Henry Blore,3150
71,93,Philip Lombard,William Henry Blore,3151
71,93,Philip Lombard,William Henry Blore,3152
71,93,Philip Lombard,William Henry Blore,3156
93,111,William Henry Blore,James Stephen Landor,3160
71,93,Philip Lombard,William Henry Blore,3161
71,93,Philip Lombard,William Henry Blore,3162
71,93,Philip Lombard,William Henry Blore,3163
93,111,William Henry Blore,James Stephen Landor,3167
93,111,William Henry Blore,James Stephen Landor,3169
71,93,Philip Lombard,William Henry Blore,3172
71,94,Philip Lombard,Ethel Rogers,3172
93,94,William Henry Blore,Ethel Rogers,3172
71,93,Philip Lombard,William Henry Blore,3174
71,93,Philip Lombard,William Henry Blore,3178
56,93,Owen,William Henry Blore,3180
71,93,Philip Lombard,William Henry Blore,3182
69,125,Cyril Ogilvie Hamilton,Vera Elizabeth Claythorne,3191
69,125,Cyril Ogilvie Hamilton,Vera Elizabeth Claythorne,3193
68,125,Hugo Hamilton,Vera Elizabeth Claythorne,3198
76,125,Emily Brent,Vera Elizabeth Claythorne,3202
76,125,Emily Brent,Vera Elizabeth Claythorne,3206
76,125,Emily Brent,Vera Elizabeth Claythorne,3208
76,125,Emily Brent,Vera Elizabeth Claythorne,3209
80,159,John Gordon Macarthur,Elsie MacPherson,3225
76,109,Emily Brent,Beatrice Taylor,3231
76,109,Emily Brent,Beatrice Taylor,3232
76,125,Emily Brent,Vera Elizabeth Claythorne,3240
71,76,Philip Lombard,Emily Brent,3263
71,125,Philip Lombard,Vera Elizabeth Claythorne,3263
76,125,Emily Brent,Vera Elizabeth Claythorne,3263
55,76,Lawrence John Wargrave,Emily Brent,3266
76,125,Emily Brent,Vera Elizabeth Claythorne,3267
76,84,Emily Brent,Edward George Armstrong,3269
76,84,Emily Brent,Edward George Armstrong,3272
76,84,Emily Brent,Edward George Armstrong,3276
76,93,Emily Brent,William Henry Blore,3281
76,125,Emily Brent,Vera Elizabeth Claythorne,3281
93,125,William Henry Blore,Vera Elizabeth Claythorne,3281
76,125,Emily Brent,Vera Elizabeth Claythorne,3282
76,93,Emily Brent,William Henry Blore,3310
76,125,Emily Brent,Vera Elizabeth Claythorne,3310
93,125,William Henry Blore,Vera Elizabeth Claythorne,3310
84,125,Edward George Armstrong,Vera Elizabeth Claythorne,3316
71,125,Philip Lombard,Vera Elizabeth Claythorne,3320
55,109,Lawrence John Wargrave,Beatrice Taylor,3328
55,125,Lawrence John Wargrave,Vera Elizabeth Claythorne,3328
109,125,Beatrice Taylor,Vera Elizabeth Claythorne,3328
55,125,Lawrence John Wargrave,Vera Elizabeth Claythorne,3331
55,76,Lawrence John Wargrave,Emily Brent,3336
55,93,Lawrence John Wargrave,William Henry Blore,3337
55,76,Lawrence John Wargrave,Emily Brent,3339
55,84,Lawrence John Wargrave,Edward George Armstrong,3339
76,84,Emily Brent,Edward George Armstrong,3339
76,93,Emily Brent,William Henry Blore,3344
71,76,Philip Lombard,Emily Brent,3348
71,84,Philip Lombard,Edward George Armstrong,3348
76,84,Emily Brent,Edward George Armstrong,3348
76,84,Emily Brent,Edward George Armstrong,3354
55,84,Lawrence John Wargrave,Edward George Armstrong,3356
71,125,Philip Lombard,Vera Elizabeth Claythorne,3359
55,84,Lawrence John Wargrave,Edward George Armstrong,3381
55,125,Lawrence John Wargrave,Vera Elizabeth Claythorne,3381
84,125,Edward George Armstrong,Vera Elizabeth Claythorne,3381
71,93,Philip Lombard,William Henry Blore,3382
55,71,Lawrence John Wargrave,Philip Lombard,3387
55,84,Lawrence John Wargrave,Edward George Armstrong,3387
71,84,Philip Lombard,Edward George Armstrong,3387
71,84,Philip Lombard,Edward George Armstrong,3396
55,71,Lawrence John Wargrave,Philip Lombard,3399
55,93,Lawrence John Wargrave,William Henry Blore,3399
71,93,Philip Lombard,William Henry Blore,3399
55,71,Lawrence John Wargrave,Philip Lombard,3400
55,84,Lawrence John Wargrave,Edward George Armstrong,3401
55,93,Lawrence John Wargrave,William Henry Blore,3401
55,125,Lawrence John Wargrave,Vera Elizabeth Claythorne,3401
84,93,Edward George Armstrong,William Henry Blore,3401
84,125,Edward George Armstrong,Vera Elizabeth Claythorne,3401
93,125,William Henry Blore,Vera Elizabeth Claythorne,3401
55,84,Lawrence John Wargrave,Edward George Armstrong,3421
55,93,Lawrence John Wargrave,William Henry Blore,3421
84,93,Edward George Armstrong,William Henry Blore,3421
93,125,William Henry Blore,Vera Elizabeth Claythorne,3422
55,93,Lawrence John Wargrave,William Henry Blore,3440
55,71,Lawrence John Wargrave,Philip Lombard,3447
55,93,Lawrence John Wargrave,William Henry Blore,3447
71,93,Philip Lombard,William Henry Blore,3447
55,93,Lawrence John Wargrave,William Henry Blore,3448
71,93,Philip Lombard,William Henry Blore,3453
55,93,Lawrence John Wargrave,William Henry Blore,3455
55,93,Lawrence John Wargrave,William Henry Blore,3456
55,71,Lawrence John Wargrave,Philip Lombard,3460
55,94,Lawrence John Wargrave,Ethel Rogers,3460
71,94,Philip Lombard,Ethel Rogers,3460
84,125,Edward George Armstrong,Vera Elizabeth Claythorne,3537
84,125,Edward George Armstrong,Vera Elizabeth Claythorne,3549
93,125,William Henry Blore,Vera Elizabeth Claythorne,3584
55,125,Lawrence John Wargrave,Vera Elizabeth Claythorne,3587
93,125,William Henry Blore,Vera Elizabeth Claythorne,3591
55,71,Lawrence John Wargrave,Philip Lombard,3599
68,125,Hugo Hamilton,Vera Elizabeth Claythorne,3622
93,125,William Henry Blore,Vera Elizabeth Claythorne,3662
71,125,Philip Lombard,Vera Elizabeth Claythorne,3665
71,125,Philip Lombard,Vera Elizabeth Claythorne,3666
84,125,Edward George Armstrong,Vera Elizabeth Claythorne,3672
84,125,Edward George Armstrong,Vera Elizabeth Claythorne,3673
84,93,Edward George Armstrong,William Henry Blore,3676
84,93,Edward George Armstrong,William Henry Blore,3678
71,125,Philip Lombard,Vera Elizabeth Claythorne,3682
71,125,Philip Lombard,Vera Elizabeth Claythorne,3683
56,125,Owen,Vera Elizabeth Claythorne,3687
71,84,Philip Lombard,Edward George Armstrong,3688
71,125,Philip Lombard,Vera Elizabeth Claythorne,3689
71,125,Philip Lombard,Vera Elizabeth Claythorne,3694
84,93,Edward George Armstrong,William Henry Blore,3700
93,125,William Henry Blore,Vera Elizabeth Claythorne,3705
55,125,Lawrence John Wargrave,Vera Elizabeth Claythorne,3706
55,84,Lawrence John Wargrave,Edward George Armstrong,3709
55,93,Lawrence John Wargrave,William Henry Blore,3709
84,93,Edward George Armstrong,William Henry Blore,3709
55,71,Lawrence John Wargrave,Philip Lombard,3712
55,93,Lawrence John Wargrave,William Henry Blore,3712
71,93,Philip Lombard,William Henry Blore,3712
93,125,William Henry Blore,Vera Elizabeth Claythorne,3714
55,84,Lawrence John Wargrave,Edward George Armstrong,3715
55,84,Lawrence John Wargrave,Edward George Armstrong,3716
84,93,Edward George Armstrong,William Henry Blore,3730
71,76,Philip Lombard,Emily Brent,3734
71,93,Philip Lombard,William Henry Blore,3734
71,125,Philip Lombard,Vera Elizabeth Claythorne,3734
76,93,Emily Brent,William Henry Blore,3734
76,125,Emily Brent,Vera Elizabeth Claythorne,3734
93,125,William Henry Blore,Vera Elizabeth Claythorne,3734
71,125,Philip Lombard,Vera Elizabeth Claythorne,3744
71,93,Philip Lombard,William Henry Blore,3751
84,93,Edward George Armstrong,William Henry Blore,3759
71,84,Philip Lombard,Edward George Armstrong,3764
71,93,Philip Lombard,William Henry Blore,3769
71,84,Philip Lombard,Edward George Armstrong,3777
71,93,Philip Lombard,William Henry Blore,3777
71,125,Philip Lombard,Vera Elizabeth Claythorne,3777
84,93,Edward George Armstrong,William Henry Blore,3777
84,125,Edward George Armstrong,Vera Elizabeth Claythorne,3777
93,125,William Henry Blore,Vera Elizabeth Claythorne,3777
84,93,Edward George Armstrong,William Henry Blore,3783
71,125,Philip Lombard,Vera Elizabeth Claythorne,3805
68,69,Hugo Hamilton,Cyril Ogilvie Hamilton,3819
68,125,Hugo Hamilton,Vera Elizabeth Claythorne,3819
69,125,Cyril Ogilvie Hamilton,Vera Elizabeth Claythorne,3819
69,125,Cyril Ogilvie Hamilton,Vera Elizabeth Claythorne,3824
69,125,Cyril Ogilvie Hamilton,Vera Elizabeth Claythorne,3826
69,125,Cyril Ogilvie Hamilton,Vera Elizabeth Claythorne,3827
69,125,Cyril Ogilvie Hamilton,Vera Elizabeth Claythorne,3829
69,125,Cyril Ogilvie Hamilton,Vera Elizabeth Claythorne,3840
68,125,Hugo Hamilton,Vera Elizabeth Claythorne,3859
68,125,Hugo Hamilton,Vera Elizabeth Claythorne,3863
71,84,Philip Lombard,Edward George Armstrong,3883
71,93,Philip Lombard,William Henry Blore,3883
84,93,Edward George Armstrong,William Henry Blore,3883
55,90,Lawrence John Wargrave,Anthony James Marston,3901
55,94,Lawrence John Wargrave,Ethel Rogers,3901
90,94,Anthony James Marston,Ethel Rogers,3901
93,111,William Henry Blore,James Stephen Landor,3910
71,84,Philip Lombard,Edward George Armstrong,3947
71,93,Philip Lombard,William Henry Blore,3947
84,93,Edward George Armstrong,William Henry Blore,3947
84,93,Edward George Armstrong,William Henry Blore,3970
71,93,Philip Lombard,William Henry Blore,3972
93,125,William Henry Blore,Vera Elizabeth Claythorne,3981
71,93,Philip Lombard,William Henry Blore,3986
71,93,Philip Lombard,William Henry Blore,3992
71,84,Philip Lombard,Edward George Armstrong,3996
84,93,Edward George Armstrong,William Henry Blore,4004
84,93,Edward George Armstrong,William Henry Blore,4006
71,125,Philip Lombard,Vera Elizabeth Claythorne,4009
84,125,Edward George Armstrong,Vera Elizabeth Claythorne,4010
84,93,Edward George Armstrong,William Henry Blore,4014
71,93,Philip Lombard,William Henry Blore,4017
71,84,Philip Lombard,Edward George Armstrong,4018
84,125,Edward George Armstrong,Vera Elizabeth Claythorne,4047
84,125,Edward George Armstrong,Vera Elizabeth Claythorne,4048
71,84,Philip Lombard,Edward George Armstrong,4049
84,125,Edward George Armstrong,Vera Elizabeth Claythorne,4050
84,125,Edward George Armstrong,Vera Elizabeth Claythorne,4052
93,125,William Henry Blore,Vera Elizabeth Claythorne,4068
71,125,Philip Lombard,Vera Elizabeth Claythorne,4074
93,125,William Henry Blore,Vera Elizabeth Claythorne,4076
71,84,Philip Lombard,Edward George Armstrong,4080
71,125,Philip Lombard,Vera Elizabeth Claythorne,4080
84,125,Edward George Armstrong,Vera Elizabeth Claythorne,4080
84,93,Edward George Armstrong,William Henry Blore,4085
84,93,Edward George Armstrong,William Henry Blore,4091
84,125,Edward George Armstrong,Vera Elizabeth Claythorne,4091
93,125,William Henry Blore,Vera Elizabeth Claythorne,4091
84,125,Edward George Armstrong,Vera Elizabeth Claythorne,4094
71,84,Philip Lombard,Edward George Armstrong,4095
71,125,Philip Lombard,Vera Elizabeth Claythorne,4095
84,125,Edward George Armstrong,Vera Elizabeth Claythorne,4095
71,125,Philip Lombard,Vera Elizabeth Claythorne,4115
71,84,Philip Lombard,Edward George Armstrong,4121
84,93,Edward George Armstrong,William Henry Blore,4124
84,125,Edward George Armstrong,Vera Elizabeth Claythorne,4124
93,125,William Henry Blore,Vera Elizabeth Claythorne,4124
71,93,Philip Lombard,William Henry Blore,4127
71,93,Philip Lombard,William Henry Blore,4135
71,84,Philip Lombard,Edward George Armstrong,4144
71,93,Philip Lombard,William Henry Blore,4153
71,93,Philip Lombard,William Henry Blore,4155
71,125,Philip Lombard,Vera Elizabeth Claythorne,4156
56,71,Owen,Philip Lombard,4161
56,93,Owen,William Henry Blore,4161
71,93,Philip Lombard,William Henry Blore,4161
71,125,Philip Lombard,Vera Elizabeth Claythorne,4168
71,125,Philip Lombard,Vera Elizabeth Claythorne,4169
71,125,Philip Lombard,Vera Elizabeth Claythorne,4170
71,84,Philip Lombard,Edward George Armstrong,4175
71,84,Philip Lombard,Edward George Armstrong,4176
71,84,Philip Lombard,Edward George Armstrong,4177
84,93,Edward George Armstrong,William Henry Blore,4179
84,93,Edward George Armstrong,William Henry Blore,4185
84,125,Edward George Armstrong,Vera Elizabeth Claythorne,4187
55,76,Lawrence John Wargrave,Emily Brent,4190
55,84,Lawrence John Wargrave,Edward George Armstrong,4190
55,94,Lawrence John Wargrave,Ethel Rogers,4190
76,84,Emily Brent,Edward George Armstrong,4190
76,94,Emily Brent,Ethel Rogers,4190
84,94,Edward George Armstrong,Ethel Rogers,4190
84,125,Edward George Armstrong,Vera Elizabeth Claythorne,4197
93,125,William Henry Blore,Vera Elizabeth Claythorne,4212
71,125,Philip Lombard,Vera Elizabeth Claythorne,4216
71,125,Philip Lombard,Vera Elizabeth Claythorne,4230
93,125,William Henry Blore,Vera Elizabeth Claythorne,4234
71,125,Philip Lombard,Vera Elizabeth Claythorne,4236
93,125,William Henry Blore,Vera Elizabeth Claythorne,4237
71,125,Philip Lombard,Vera Elizabeth Claythorne,4244
71,93,Philip Lombard,William Henry Blore,4245
71,125,Philip Lombard,Vera Elizabeth Claythorne,4245
93,125,William Henry Blore,Vera Elizabeth Claythorne,4245
84,93,Edward George Armstrong,William Henry Blore,4250
84,125,Edward George Armstrong,Vera Elizabeth Claythorne,4250
93,125,William Henry Blore,Vera Elizabeth Claythorne,4250
71,93,Philip Lombard,William Henry Blore,4253
71,125,Philip Lombard,Vera Elizabeth Claythorne,4253
93,125,William Henry Blore,Vera Elizabeth Claythorne,4253
93,125,William Henry Blore,Vera Elizabeth Claythorne,4254
84,125,Edward George Armstrong,Vera Elizabeth Claythorne,4255
84,93,Edward George Armstrong,William Henry Blore,4260
93,125,William Henry Blore,Vera Elizabeth Claythorne,4263
71,125,Philip Lombard,Vera Elizabeth Claythorne,4271
71,125,Philip Lombard,Vera Elizabeth Claythorne,4272
71,125,Philip Lombard,Vera Elizabeth Claythorne,4287
71,125,Philip Lombard,Vera Elizabeth Claythorne,4288
71,125,Philip Lombard,Vera Elizabeth Claythorne,4297
71,125,Philip Lombard,Vera Elizabeth Claythorne,4316
71,125,Philip Lombard,Vera Elizabeth Claythorne,4319
71,125,Philip Lombard,Vera Elizabeth Claythorne,4323
71,84,Philip Lombard,Edward George Armstrong,4328
84,125,Edward George Armstrong,Vera Elizabeth Claythorne,4330
84,125,Edward George Armstrong,Vera Elizabeth Claythorne,4336
71,84,Philip Lombard,Edward George Armstrong,4338
71,125,Philip Lombard,Vera Elizabeth Claythorne,4345
71,84,Philip Lombard,Edward George Armstrong,4348
71,93,Philip Lombard,William Henry Blore,4348
84,93,Edward George Armstrong,William Henry Blore,4348
71,125,Philip Lombard,Vera Elizabeth Claythorne,4354
71,125,Philip Lombard,Vera Elizabeth Claythorne,4355
71,125,Philip Lombard,Vera Elizabeth Claythorne,4364
71,125,Philip Lombard,Vera Elizabeth Claythorne,4372
71,125,Philip Lombard,Vera Elizabeth Claythorne,4389
84,90,Edward George Armstrong,Anthony James Marston,4393
71,125,Philip Lombard,Vera Elizabeth Claythorne,4398
71,125,Philip Lombard,Vera Elizabeth Claythorne,4400
71,84,Philip Lombard,Edward George Armstrong,4416
71,125,Philip Lombard,Vera Elizabeth Claythorne,4416
84,125,Edward George Armstrong,Vera Elizabeth Claythorne,4416
71,125,Philip Lombard,Vera Elizabeth Claythorne,4417
71,84,Philip Lombard,Edward George Armstrong,4418
84,125,Edward George Armstrong,Vera Elizabeth Claythorne,4420
71,84,Philip Lombard,Edward George Armstrong,4424
71,125,Philip Lombard,Vera Elizabeth Claythorne,4424
84,125,Edward George Armstrong,Vera Elizabeth Claythorne,4424
71,125,Philip Lombard,Vera Elizabeth Claythorne,4427
71,125,Philip Lombard,Vera Elizabeth Claythorne,4430
71,125,Philip Lombard,Vera Elizabeth Claythorne,4431
71,125,Philip Lombard,Vera Elizabeth Claythorne,4434
71,125,Philip Lombard,Vera Elizabeth Claythorne,4442
71,125,Philip Lombard,Vera Elizabeth Claythorne,4445
68,125,Hugo Hamilton,Vera Elizabeth Claythorne,4513
68,125,Hugo Hamilton,Vera Elizabeth Claythorne,4514
173,174,Thomas Legge,Maine,4544
173,174,Thomas Legge,Maine,4547
55,71,Lawrence John Wargrave,Philip Lombard,4549
76,90,Emily Brent,Anthony James Marston,4550
76,94,Emily Brent,Ethel Rogers,4550
90,94,Anthony James Marston,Ethel Rogers,4550
80,125,John Gordon Macarthur,Vera Elizabeth Claythorne,4554
56,74,Owen,Isaac Morris,4562
56,74,Owen,Isaac Morris,4579
56,174,Owen,Maine,4579
74,174,Isaac Morris,Maine,4579
101,174,Elmer Robson,Maine,4583
100,174,Fred Narracott,Maine,4589
74,100,Isaac Morris,Fred Narracott,4591
74,101,Isaac Morris,Elmer Robson,4591
100,101,Fred Narracott,Elmer Robson,4591
173,174,Thomas Legge,Maine,4606
55,119,Lawrence John Wargrave,Edward Seton,4616
55,119,Lawrence John Wargrave,Edward Seton,4619
76,109,Emily Brent,Beatrice Taylor,4633
90,174,Anthony James Marston,Maine,4638
55,90,Lawrence John Wargrave,Anthony James Marston,4640
55,114,Lawrence John Wargrave,Lucy Combes,4640
90,114,Anthony James Marston,Lucy Combes,4640
80,113,John Gordon Macarthur,Arthur Richmond,4644
74,173,Isaac Morris,Thomas Legge,4664
74,173,Isaac Morris,Thomas Legge,4665
173,174,Thomas Legge,Maine,4669
74,173,Isaac Morris,Thomas Legge,4670
74,174,Isaac Morris,Maine,4670
173,174,Thomas Legge,Maine,4670
173,174,Thomas Legge,Maine,4695
76,125,Emily Brent,Vera Elizabeth Claythorne,4701
55,76,Lawrence John Wargrave,Emily Brent,4705
55,80,Lawrence John Wargrave,John Gordon Macarthur,4705
55,90,Lawrence John Wargrave,Anthony James Marston,4705
55,94,Lawrence John Wargrave,Ethel Rogers,4705
76,80,Emily Brent,John Gordon Macarthur,4705
76,90,Emily Brent,Anthony James Marston,4705
76,94,Emily Brent,Ethel Rogers,4705
80,90,John Gordon Macarthur,Anthony James Marston,4705
80,94,John Gordon Macarthur,Ethel Rogers,4705
90,94,Anthony James Marston,Ethel Rogers,4705
71,84,Philip Lombard,Edward George Armstrong,4706
71,93,Philip Lombard,William Henry Blore,4706
71,125,Philip Lombard,Vera Elizabeth Claythorne,4706
84,93,Edward George Armstrong,William Henry Blore,4706
84,125,Edward George Armstrong,Vera Elizabeth Claythorne,4706
93,125,William Henry Blore,Vera Elizabeth Claythorne,4706
71,93,Philip Lombard,William Henry Blore,4734
71,125,Philip Lombard,Vera Elizabeth Claythorne,4734
93,125,William Henry Blore,Vera Elizabeth Claythorne,4734
71,84,Philip Lombard,Edward George Armstrong,4736
93,125,William Henry Blore,Vera Elizabeth Claythorne,4743
125,173,Vera Elizabeth Claythorne,Thomas Legge,4747
71,93,Philip Lombard,William Henry Blore,4750
71,125,Philip Lombard,Vera Elizabeth Claythorne,4750
93,125,William Henry Blore,Vera Elizabeth Claythorne,4750
71,93,Philip Lombard,William Henry Blore,4757
71,125,Philip Lombard,Vera Elizabeth Claythorne,4757
93,125,William Henry Blore,Vera Elizabeth Claythorne,4757
90,94,Anthony James Marston,Ethel Rogers,4890
90,94,Anthony James Marston,Ethel Rogers,4902
71,84,Philip Lombard,Edward George Armstrong,4912
71,84,Philip Lombard,Edward George Armstrong,4920
71,94,Philip Lombard,Ethel Rogers,4920
84,94,Edward George Armstrong,Ethel Rogers,4920
74,84,Isaac Morris,Edward George Armstrong,4921
71,125,Philip Lombard,Vera Elizabeth Claythorne,4974
71,125,Philip Lombard,Vera Elizabeth Claythorne,4976
